t;x;y;frame;Feeder;Comments
5,038371705E0;-1,883004420E0;-1,263244822E0;1,510000000E2;B;
5,071738405E0;-1,883004420E0;-1,263244822E0;1,520000000E2;B;
5,105105105E0;-1,883004420E0;-1,263244822E0;1,530000000E2;B;
5,138471805E0;-1,883004420E0;-1,263244822E0;1,540000000E2;B;
5,171838505E0;-1,883004420E0;-1,263244822E0;1,550000000E2;B;
5,205205205E0;-1,883004420E0;-1,263244822E0;1,560000000E2;B;
5,238571905E0;-2,510142110E0;-9,789713363E-1;1,570000000E2;B;
5,271938605E0;-2,039391005E0;-6,631601309E-1;1,580000000E2;B;
5,305305305E0;-2,039391005E0;-6,631601309E-1;1,590000000E2;B;
5,338672005E0;-2,039391005E0;-6,631601309E-1;1,600000000E2;B;
5,372038705E0;-1,568639899E0;-3,473489254E-1;1,610000000E2;B;
5,405405405E0;-1,568639899E0;-3,473489254E-1;1,620000000E2;B;
5,438772105E0;-1,568639899E0;-3,473489254E-1;1,630000000E2;B;
5,472138805E0;-2,001777210E0;-3,022123720E-1;1,640000000E2;B;
5,505505506E0;-2,058921244E0;-1,503105096E-1;1,650000000E2;OUT;
5,538872206E0;-2,058921244E0;-1,503105096E-1;1,660000000E2;OUT;
5,572238906E0;-2,791377558E0;-8,766907489E-1;1,670000000E2;OUT;
5,605605606E0;-2,791377558E0;-8,766907489E-1;1,680000000E2;OUT;
5,638972306E0;-2,776332040E0;-7,323116454E-1;1,690000000E2;OUT;
5,672339006E0;-2,624430178E0;-6,751676114E-1;1,700000000E2;OUT;
5,705705706E0;-1,925102937E0;-9,669638557E-1;1,710000000E2;OUT;
5,739072406E0;-1,925102937E0;-9,669638557E-1;1,720000000E2;OUT;
5,772439106E0;-1,788246592E0;-1,054198925E0;1,730000000E2;OUT;
5,805805806E0;-1,434821592E0;-1,164002272E0;1,740000000E2;B;
5,839172506E0;-1,434821592E0;-1,164002272E0;1,750000000E2;B;
5,872539206E0;-1,434821592E0;-1,164002272E0;1,760000000E2;B;
5,905905906E0;-1,434821592E0;-1,164002272E0;1,770000000E2;B;
5,939272606E0;-1,434821592E0;-1,164002272E0;1,780000000E2;B;
5,972639306E0;-1,434821592E0;-1,164002272E0;1,790000000E2;B;
6,006006006E0;-1,434821592E0;-1,164002272E0;1,800000000E2;B;
6,039372706E0;-1,434821592E0;-1,164002272E0;1,810000000E2;B;
6,072739406E0;-1,434821592E0;-1,164002272E0;1,820000000E2;B;
6,106106106E0;-1,434821592E0;-1,164002272E0;1,830000000E2;B;
6,139472806E0;-1,434821592E0;-1,164002272E0;1,840000000E2;B;
6,172839506E0;-1,434821592E0;-1,164002272E0;1,850000000E2;B;
6,206206206E0;-1,434821592E0;-1,164002272E0;1,860000000E2;B;
6,239572906E0;-1,434821592E0;-1,164002272E0;1,870000000E2;B;
6,272939606E0;-1,434821592E0;-1,164002272E0;1,880000000E2;B;
6,306306306E0;-1,434821592E0;-1,164002272E0;1,890000000E2;B;
6,339673006E0;-1,434821592E0;-1,164002272E0;1,900000000E2;B;
6,373039706E0;-1,434821592E0;-1,164002272E0;1,910000000E2;B;
6,406406406E0;-1,434821592E0;-1,164002272E0;1,920000000E2;B;
6,439773106E0;-1,434821592E0;-1,164002272E0;1,930000000E2;B;
6,473139806E0;-1,434821592E0;-1,164002272E0;1,940000000E2;B;
6,506506507E0;-1,434821592E0;-1,164002272E0;1,950000000E2;B;
6,539873207E0;-2,624430178E0;-6,751676114E-1;1,960000000E2;OUT;
6,573239907E0;-3,134241762E0;3,472042570E-2;1,970000000E2;OUT;
6,606606607E0;-3,731288415E0;6,077521182E-1;1,980000000E2;OUT;
6,639973307E0;-4,495282449E0;9,792606732E-1;1,990000000E2;OUT;
6,673340007E0;-5,012616792E0;1,616959159E0;2,000000000E2;OUT;
6,706706707E0;-5,012616792E0;1,616959159E0;2,010000000E2;OUT;
6,740073407E0;-5,468322379E0;1,445527057E0;2,020000000E2;OUT;
6,806806807E0;-5,483367897E0;1,301147953E0;2,040000000E2;OUT;
6,840173507E0;-5,050230586E0;1,256011400E0;2,050000000E2;OUT;
6,873540207E0;-5,403655586E0;1,365814746E0;2,060000000E2;OUT;
6,940273607E0;-5,179564172E0;1,415436021E0;2,080000000E2;OUT;
6,973640307E0;-4,753949620E0;1,298109916E0;2,090000000E2;OUT;
7,007007007E0;-4,826139172E0;1,305632675E0;2,100000000E2;OUT;
7,040373707E0;-4,970518276E0;1,320678193E0;2,110000000E2;OUT;
7,073740407E0;-4,970518276E0;1,320678193E0;2,120000000E2;OUT;
7,107107107E0;-5,129942897E0;1,191344607E0;2,130000000E2;OUT;
7,140473807E0;-5,129942897E0;1,191344607E0;2,140000000E2;OUT;
7,173840507E0;-5,129942897E0;1,191344607E0;2,150000000E2;OUT;
7,207207207E0;-4,943465277E0;8,800181230E-1;2,160000000E2;OUT;
7,240573907E0;-4,943465277E0;8,800181230E-1;2,170000000E2;OUT;
7,273940607E0;-4,943465277E0;8,800181230E-1;2,180000000E2;OUT;
7,307307307E0;-4,943465277E0;8,800181230E-1;2,190000000E2;OUT;
7,340674007E0;-4,943465277E0;8,800181230E-1;2,200000000E2;OUT;
7,374040707E0;-4,943465277E0;8,800181230E-1;2,210000000E2;OUT;
7,407407407E0;-4,943465277E0;8,800181230E-1;2,220000000E2;OUT;
7,440774107E0;-4,943465277E0;8,800181230E-1;2,230000000E2;OUT;
7,474140807E0;-4,943465277E0;8,800181230E-1;2,240000000E2;OUT;
7,507507508E0;-4,943465277E0;8,800181230E-1;2,250000000E2;OUT;
7,540874208E0;-4,848707449E0;1,089064019E0;2,260000000E2;OUT;
7,574240908E0;-3,851652558E0;-5,472807101E-1;2,270000000E2;OUT;
7,607607608E0;-3,836607040E0;-4,029016066E-1;2,280000000E2;OUT;
7,640974308E0;-3,624523106E0;2,317588415E-1;2,290000000E2;OUT;
7,674341008E0;-3,624523106E0;2,317588415E-1;2,300000000E2;OUT;
7,707707708E0;-3,047006692E0;1,715767703E-1;2,310000000E2;OUT;
7,741074408E0;-3,047006692E0;1,715767703E-1;2,320000000E2;OUT;
7,774441108E0;-3,047006692E0;1,715767703E-1;2,330000000E2;OUT;
7,807807808E0;-2,967294381E0;2,362435632E-1;2,340000000E2;OUT;
7,841174508E0;-2,967294381E0;2,362435632E-1;2,350000000E2;OUT;
7,874541208E0;-2,887582071E0;3,009103561E-1;2,360000000E2;OUT;
7,907907908E0;-2,887582071E0;3,009103561E-1;2,370000000E2;OUT;
7,941274608E0;-2,887582071E0;3,009103561E-1;2,380000000E2;OUT;
7,974641308E0;-1,830345108E0;-7,579179593E-1;2,390000000E2;OUT;
8,008008008E0;-1,830345108E0;-7,579179593E-1;2,400000000E2;OUT;
8,041374708E0;-1,352071244E0;-3,699172021E-1;2,410000000E2;B;
8,074741408E0;-1,207692141E0;-3,849627199E-1;2,420000000E2;B;
8,108108108E0;-1,207692141E0;-3,849627199E-1;2,430000000E2;B;
8,141474808E0;-1,207692141E0;-3,849627199E-1;2,440000000E2;B;
8,174841508E0;-1,207692141E0;-3,849627199E-1;2,450000000E2;B;
8,208208208E0;-9,640704869E-1;-8,481910662E-1;2,460000000E2;B;
8,241574908E0;-1,701011522E0;-9,173425807E-1;2,470000000E2;B;
8,274941608E0;-1,541586901E0;-7,880089949E-1;2,480000000E2;B;
8,308308308E0;-1,165593624E0;-6,812436859E-1;2,490000000E2;B;
8,341675008E0;-1,165593624E0;-6,812436859E-1;2,500000000E2;B;
8,375041708E0;-1,165593624E0;-6,812436859E-1;2,510000000E2;B;
8,408408408E0;-1,165593624E0;-6,812436859E-1;2,520000000E2;B;
8,441775108E0;-1,165593624E0;-6,812436859E-1;2,530000000E2;B;
8,475141808E0;-1,165593624E0;-6,812436859E-1;2,540000000E2;B;
8,508508509E0;-1,165593624E0;-6,812436859E-1;2,550000000E2;B;
8,541875209E0;-1,165593624E0;-6,812436859E-1;2,560000000E2;B;
8,575241909E0;-1,165593624E0;-6,812436859E-1;2,570000000E2;B;
8,608608609E0;-1,165593624E0;-6,812436859E-1;2,580000000E2;B;
8,641975309E0;-1,210730178E0;-1,114380997E0;2,590000000E2;B;
8,675342009E0;-1,210730178E0;-1,114380997E0;2,600000000E2;B;
8,708708709E0;-1,210730178E0;-1,114380997E0;2,610000000E2;B;
8,742075409E0;-1,138540626E0;-1,121903755E0;2,620000000E2;B;
8,808808809E0;-1,138540626E0;-1,121903755E0;2,640000000E2;B;
8,842175509E0;-9,866387636E-1;-1,064759721E0;2,650000000E2;B;
8,875542209E0;-5,309331763E-1;-8,933276196E-1;2,660000000E2;B;
8,908908909E0;-8,272141423E-1;-9,354261357E-1;2,670000000E2;B;
8,942275609E0;-8,272141423E-1;-9,354261357E-1;2,680000000E2;B;
8,975642309E0;-8,272141423E-1;-9,354261357E-1;2,690000000E2;B;
9,009009009E0;-8,272141423E-1;-9,354261357E-1;2,700000000E2;B;
9,042375709E0;-8,272141423E-1;-9,354261357E-1;2,710000000E2;B;
9,075742409E0;-8,272141423E-1;-9,354261357E-1;2,720000000E2;B;
9,109109109E0;-9,069264530E-1;-1,000092929E0;2,730000000E2;B;
9,142475809E0;-1,419776074E0;-1,019623168E0;2,740000000E2;B;
9,175842509E0;-1,347586522E0;-1,027145927E0;2,750000000E2;B;
9,209209209E0;-1,347586522E0;-1,027145927E0;2,760000000E2;B;
9,242575909E0;-1,347586522E0;-1,027145927E0;2,770000000E2;B;
9,275942609E0;-1,347586522E0;-1,027145927E0;2,780000000E2;B;
9,309309309E0;-9,069264530E-1;-1,000092929E0;2,790000000E2;B;
9,342676009E0;-9,069264530E-1;-1,000092929E0;2,800000000E2;B;
9,376042709E0;-9,069264530E-1;-1,000092929E0;2,810000000E2;B;
9,409409409E0;-9,069264530E-1;-1,000092929E0;2,820000000E2;B;
9,442776109E0;-9,069264530E-1;-1,000092929E0;2,830000000E2;B;
9,476142809E0;-9,069264530E-1;-1,000092929E0;2,840000000E2;B;
9,509509510E0;-9,069264530E-1;-1,000092929E0;2,850000000E2;B;
9,542876210E0;-9,069264530E-1;-1,000092929E0;2,860000000E2;B;
9,576242910E0;-9,069264530E-1;-1,000092929E0;2,870000000E2;B;
9,609609610E0;-9,219719708E-1;-1,144472032E0;2,880000000E2;B;
9,642976310E0;-6,376984854E-1;-5,173343429E-1;2,890000000E2;B;
9,676343010E0;-6,527440032E-1;-6,617134465E-1;2,900000000E2;B;
9,709709710E0;-6,527440032E-1;-6,617134465E-1;2,910000000E2;B;
9,743076410E0;-6,527440032E-1;-6,617134465E-1;2,920000000E2;B;
9,776443110E0;-6,527440032E-1;-6,617134465E-1;2,930000000E2;B;
9,809809810E0;-8,918809352E-1;-8,557138251E-1;2,940000000E2;B;
9,843176510E0;-8,918809352E-1;-8,557138251E-1;2,950000000E2;B;
9,876543210E0;-8,918809352E-1;-8,557138251E-1;2,960000000E2;B;
9,909909910E0;-8,994036941E-1;-9,279033768E-1;2,970000000E2;B;
9,943276610E0;-1,879966383E0;-5,338265451E-1;2,980000000E2;OUT;
9,976643310E0;-2,529672349E0;-4,661217150E-1;2,990000000E2;OUT;
1,001001001E1;-3,338802936E0;-5,277504706E-1;3,000000000E2;OUT;
1,004337671E1;-4,244138036E0;5,882218787E-1;3,010000000E2;OUT;
1,007674341E1;-4,460706692E0;6,107901554E-1;3,020000000E2;OUT;
1,011011011E1;-4,817169729E0;-8,824774865E-3;3,030000000E2;OUT;
1,014347681E1;-4,817169729E0;-8,824774865E-3;3,040000000E2;OUT;
1,017684351E1;-4,817169729E0;-8,824774865E-3;3,050000000E2;OUT;
1,021021021E1;-4,817169729E0;-8,824774865E-3;3,060000000E2;OUT;
1,024357691E1;-4,817169729E0;-8,824774865E-3;3,070000000E2;OUT;
1,027694361E1;-4,817169729E0;-8,824774865E-3;3,080000000E2;OUT;
1,031031031E1;-4,896882040E0;-7,349156773E-2;3,090000000E2;OUT;
1,034367701E1;-4,931457797E0;2,949789500E-1;3,100000000E2;OUT;
1,037704371E1;-4,540419002E0;5,461233626E-1;3,110000000E2;OUT;
1,041041041E1;-4,540419002E0;5,461233626E-1;3,120000000E2;OUT;
1,044377711E1;-4,540419002E0;5,461233626E-1;3,130000000E2;OUT;
1,047714381E1;-4,540419002E0;5,461233626E-1;3,140000000E2;OUT;
1,051051051E1;-4,540419002E0;5,461233626E-1;3,150000000E2;OUT;
1,054387721E1;-4,540419002E0;5,461233626E-1;3,160000000E2;OUT;
1,057724391E1;-4,540419002E0;5,461233626E-1;3,170000000E2;OUT;
1,061061061E1;-4,547941761E0;4,739338108E-1;3,180000000E2;OUT;
1,064397731E1;-4,793154768E0;-1,178903121E0;3,190000000E2;OUT;
1,067734401E1;-2,544717867E0;-6,105008186E-1;3,200000000E2;OUT;
1,071071071E1;-2,898142867E0;-5,006974723E-1;3,210000000E2;OUT;
1,074407741E1;-1,982246971E0;-8,150619933E-1;3,220000000E2;OUT;
1,077744411E1;-2,198815626E0;-7,924937166E-1;3,230000000E2;OUT;
1,081081081E1;-1,618261174E0;-1,232575112E-1;3,240000000E2;B;
1,084417751E1;-1,618261174E0;-1,232575112E-1;3,250000000E2;B;
1,087754421E1;-1,618261174E0;-1,232575112E-1;3,260000000E2;B;
1,091091091E1;-1,618261174E0;-1,232575112E-1;3,270000000E2;B;
1,094427761E1;-1,556632419E0;-9,323880985E-1;3,280000000E2;B;
1,097764431E1;-1,556632419E0;-9,323880985E-1;3,290000000E2;B;
1,101101101E1;-1,556632419E0;-9,323880985E-1;3,300000000E2;B;
1,104437771E1;-1,556632419E0;-9,323880985E-1;3,310000000E2;B;
1,107774441E1;-1,556632419E0;-9,323880985E-1;3,320000000E2;B;
1,111111111E1;-1,556632419E0;-9,323880985E-1;3,330000000E2;B;
1,114447781E1;-1,556632419E0;-9,323880985E-1;3,340000000E2;B;
1,117784451E1;-1,412253315E0;-9,474336163E-1;3,350000000E2;B;
1,121121121E1;-1,412253315E0;-9,474336163E-1;3,360000000E2;B;
1,124457791E1;-1,412253315E0;-9,474336163E-1;3,370000000E2;B;
1,127794461E1;-1,412253315E0;-9,474336163E-1;3,380000000E2;B;
1,131131131E1;-1,412253315E0;-9,474336163E-1;3,390000000E2;B;
1,134467801E1;-1,412253315E0;-9,474336163E-1;3,400000000E2;B;
1,137804471E1;-1,412253315E0;-9,474336163E-1;3,410000000E2;B;
1,141141141E1;-1,412253315E0;-9,474336163E-1;3,420000000E2;B;
1,144477811E1;-1,412253315E0;-9,474336163E-1;3,430000000E2;B;
1,147814481E1;-1,412253315E0;-9,474336163E-1;3,440000000E2;B;
1,151151151E1;-1,412253315E0;-9,474336163E-1;3,450000000E2;B;
1,154487821E1;-1,412253315E0;-9,474336163E-1;3,460000000E2;B;
1,157824491E1;-1,001684281E0;-1,209138825E0;3,470000000E2;B;
1,161161161E1;-1,039298076E0;-1,570086584E0;3,480000000E2;B;
1,164497831E1;-1,046820835E0;-1,642276136E0;3,490000000E2;B;
1,167834501E1;-1,054343594E0;-1,714465687E0;3,500000000E2;B;
1,171171171E1;-1,487480904E0;-1,669329134E0;3,510000000E2;B;
1,174507841E1;-1,472435387E0;-1,524950030E0;3,520000000E2;B;
1,177844511E1;-1,449867110E0;-1,308381375E0;3,530000000E2;B;
1,181181181E1;-1,449867110E0;-1,308381375E0;3,540000000E2;B;
1,184517851E1;-1,449867110E0;-1,308381375E0;3,550000000E2;B;
1,187854521E1;-1,290442489E0;-1,179047789E0;3,560000000E2;B;
1,191191191E1;-1,290442489E0;-1,179047789E0;3,570000000E2;B;
1,194527861E1;-1,290442489E0;-1,179047789E0;3,580000000E2;B;
1,197864531E1;-1,290442489E0;-1,179047789E0;3,590000000E2;B;
1,201201201E1;-1,282919730E0;-1,106858238E0;3,600000000E2;B;
1,204537871E1;-1,066351074E0;-1,129426514E0;3,610000000E2;B;
1,207874541E1;-1,066351074E0;-1,129426514E0;3,620000000E2;B;
1,211211211E1;-1,066351074E0;-1,129426514E0;3,630000000E2;B;
1,214547881E1;-1,066351074E0;-1,129426514E0;3,640000000E2;B;
1,217884551E1;-1,066351074E0;-1,129426514E0;3,650000000E2;B;
1,221221221E1;-1,066351074E0;-1,129426514E0;3,660000000E2;B;
1,224557891E1;-1,066351074E0;-1,129426514E0;3,670000000E2;B;
1,227894561E1;-2,750725726E0;2,136752865E-1;3,680000000E2;OUT;
1,231231231E1;-4,620131313E0;4,814565697E-1;3,690000000E2;OUT;
1,234567901E1;-6,757173515E0;2,382544545E0;3,700000000E2;OUT;
1,237904571E1;-6,757173515E0;2,382544545E0;3,710000000E2;OUT;
1,241241241E1;-6,757173515E0;2,382544545E0;3,720000000E2;OUT;
1,244577911E1;-6,836885826E0;2,317877752E0;3,730000000E2;OUT;
1,247914581E1;-7,220401861E0;2,138922892E0;3,740000000E2;OUT;
1,251251251E1;-7,220401861E0;2,138922892E0;3,750000000E2;OUT;
1,254587921E1;-7,531728345E0;1,952445272E0;3,760000000E2;OUT;
1,257924591E1;-7,676107448E0;1,967490790E0;3,770000000E2;OUT;
1,261261261E1;-7,676107448E0;1,967490790E0;3,780000000E2;OUT;
1,264597931E1;-7,596395138E0;2,032157583E0;3,790000000E2;OUT;
1,267934601E1;-7,596395138E0;2,032157583E0;3,800000000E2;OUT;
1,271271271E1;-6,516589899E0;1,189897922E0;3,810000000E2;OUT;
1,274607941E1;-3,677182418E0;-2,735680208E-1;3,820000000E2;OUT;
1,277944611E1;-3,027476453E0;-3,412728509E-1;3,830000000E2;OUT;
1,281281281E1;-2,803385038E0;-2,916515759E-1;3,840000000E2;OUT;
1,284617951E1;-2,788339521E0;-1,472724723E-1;3,850000000E2;OUT;
1,287954621E1;-1,713019003E0;-3,323034076E-1;3,860000000E2;B;
1,291291291E1;-1,713019003E0;-3,323034076E-1;3,870000000E2;B;
1,294627961E1;-1,713019003E0;-3,323034076E-1;3,880000000E2;B;
1,297964631E1;-1,713019003E0;-3,323034076E-1;3,890000000E2;B;
1,301301301E1;-1,713019003E0;-3,323034076E-1;3,900000000E2;B;
1,304637971E1;-2,009299969E0;-3,744019238E-1;3,910000000E2;B;
1,307974641E1;-2,009299969E0;-3,744019238E-1;3,920000000E2;B;
1,311311311E1;-2,009299969E0;-3,744019238E-1;3,930000000E2;B;
1,314647981E1;-2,320626453E0;-5,608795435E-1;3,940000000E2;B;
1,317984651E1;-2,320626453E0;-5,608795435E-1;3,950000000E2;B;
1,321321321E1;-2,320626453E0;-5,608795435E-1;3,960000000E2;B;
1,324657991E1;-1,815299590E0;-6,135388558E-1;3,970000000E2;B;
1,327994661E1;-1,815299590E0;-6,135388558E-1;3,980000000E2;B;
1,331331331E1;-1,815299590E0;-6,135388558E-1;3,990000000E2;B;
1,334668001E1;-1,815299590E0;-6,135388558E-1;4,000000000E2;B;
1,338004671E1;-1,503973107E0;-4,270612361E-1;4,010000000E2;B;
1,341341341E1;-1,541586901E0;-7,880089949E-1;4,020000000E2;B;
1,344678011E1;-1,541586901E0;-7,880089949E-1;4,030000000E2;B;
1,348014681E1;-1,541586901E0;-7,880089949E-1;4,040000000E2;B;
1,351351351E1;-1,541586901E0;-7,880089949E-1;4,050000000E2;B;
1,354688021E1;-1,541586901E0;-7,880089949E-1;4,060000000E2;B;
1,358024691E1;-1,541586901E0;-7,880089949E-1;4,070000000E2;B;
1,361361361E1;-1,541586901E0;-7,880089949E-1;4,080000000E2;B;
1,364698031E1;-1,541586901E0;-7,880089949E-1;4,090000000E2;B;
1,368034701E1;-1,541586901E0;-7,880089949E-1;4,100000000E2;B;
1,371371371E1;-1,541586901E0;-7,880089949E-1;4,110000000E2;B;
1,374708041E1;-1,541586901E0;-7,880089949E-1;4,120000000E2;B;
1,378044711E1;-1,541586901E0;-7,880089949E-1;4,130000000E2;B;
1,381381381E1;-1,541586901E0;-7,880089949E-1;4,140000000E2;B;
1,384718051E1;-1,541586901E0;-7,880089949E-1;4,150000000E2;B;
1,388054721E1;-1,541586901E0;-7,880089949E-1;4,160000000E2;B;
1,391391391E1;-1,613776453E0;-7,804862360E-1;4,170000000E2;B;
1,394728061E1;-1,143025348E0;-4,646750306E-1;4,180000000E2;B;
1,398064731E1;-1,143025348E0;-4,646750306E-1;4,190000000E2;B;
1,401401401E1;-1,143025348E0;-4,646750306E-1;4,200000000E2;B;
1,404738071E1;-1,143025348E0;-4,646750306E-1;4,210000000E2;B;
1,408074741E1;-1,078358555E0;-5,443873413E-1;4,220000000E2;B;
1,411411411E1;-1,085881314E0;-6,165768931E-1;4,230000000E2;B;
1,414748081E1;-1,085881314E0;-6,165768931E-1;4,240000000E2;B;
1,418084751E1;-1,446829073E0;-5,789630985E-1;4,250000000E2;B;
1,421421421E1;-1,519018624E0;-5,714403396E-1;4,260000000E2;B;
1,424758091E1;-1,519018624E0;-5,714403396E-1;4,270000000E2;B;
1,428094761E1;-1,519018624E0;-5,714403396E-1;4,280000000E2;B;
1,431431431E1;-1,519018624E0;-5,714403396E-1;4,290000000E2;B;
1,434768101E1;-1,519018624E0;-5,714403396E-1;4,300000000E2;B;
1,438104771E1;-1,519018624E0;-5,714403396E-1;4,310000000E2;B;
1,441441441E1;-1,100926832E0;-7,609559966E-1;4,320000000E2;B;
1,444778111E1;-1,100926832E0;-7,609559966E-1;4,330000000E2;B;
1,448114781E1;-1,100926832E0;-7,609559966E-1;4,340000000E2;B;
1,451451451E1;-1,028737280E0;-7,684787555E-1;4,350000000E2;B;
1,458124791E1;-7,475018316E-1;-8,707593429E-1;4,370000000E2;B;
1,461461461E1;-7,475018316E-1;-8,707593429E-1;4,380000000E2;B;
1,464798131E1;-7,475018316E-1;-8,707593429E-1;4,390000000E2;B;
1,468134801E1;-7,399790727E-1;-7,985697911E-1;4,400000000E2;B;
1,471471471E1;-7,399790727E-1;-7,985697911E-1;4,410000000E2;B;
1,474808141E1;-7,399790727E-1;-7,985697911E-1;4,420000000E2;B;
1,478144811E1;-7,399790727E-1;-7,985697911E-1;4,430000000E2;B;
1,481481481E1;-2,651483176E0;-2,345075419E-1;4,440000000E2;OUT;
1,484818151E1;-2,564248106E0;-9,765119728E-2;4,450000000E2;OUT;
1,488154821E1;-2,549202589E0;4,672790625E-2;4,460000000E2;OUT;
1,491491491E1;-4,072705935E0;1,325162914E-1;4,470000000E2;OUT;
1,494828161E1;-5,460799620E0;1,517716608E0;4,480000000E2;OUT;
1,498164831E1;-6,672976483E0;1,789982613E0;4,490000000E2;OUT;
1,501501502E1;-6,672976483E0;1,789982613E0;4,500000000E2;OUT;
1,504838172E1;-6,672976483E0;1,789982613E0;4,510000000E2;OUT;
1,508174842E1;-6,672976483E0;1,789982613E0;4,520000000E2;OUT;
1,511511512E1;-6,346604481E0;2,120839336E0;4,530000000E2;OUT;
1,514848182E1;-6,346604481E0;2,120839336E0;4,540000000E2;OUT;
1,518184852E1;-6,346604481E0;2,120839336E0;4,550000000E2;OUT;
1,521521522E1;-6,506029102E0;1,991505751E0;4,560000000E2;OUT;
1,524858192E1;-6,354127240E0;2,048649785E0;4,570000000E2;OUT;
1,528194862E1;-6,376695517E0;1,832081129E0;4,580000000E2;OUT;
1,531531532E1;-6,376695517E0;1,832081129E0;4,590000000E2;OUT;
1,534868202E1;-6,376695517E0;1,832081129E0;4,600000000E2;OUT;
1,538204872E1;-6,376695517E0;1,832081129E0;4,610000000E2;OUT;
1,541541542E1;-6,660969002E0;1,204943440E0;4,620000000E2;OUT;
1,544878212E1;-6,660969002E0;1,204943440E0;4,630000000E2;OUT;
1,548214882E1;-6,660969002E0;1,204943440E0;4,640000000E2;OUT;
1,551551552E1;-6,660969002E0;1,204943440E0;4,650000000E2;OUT;
1,554888222E1;-6,660969002E0;1,204943440E0;4,660000000E2;OUT;
1,558224892E1;-6,653446243E0;1,277132992E0;4,670000000E2;OUT;
1,561561562E1;-6,653446243E0;1,277132992E0;4,680000000E2;OUT;
1,564898232E1;-6,581256691E0;1,269610233E0;4,690000000E2;OUT;
1,568234902E1;-6,581256691E0;1,269610233E0;4,700000000E2;OUT;
1,571571572E1;-6,581256691E0;1,269610233E0;4,710000000E2;OUT;
1,574908242E1;-6,581256691E0;1,269610233E0;4,720000000E2;OUT;
1,578244912E1;-6,501544381E0;1,334277026E0;4,730000000E2;OUT;
1,581581582E1;-6,501544381E0;1,334277026E0;4,740000000E2;OUT;
1,584918252E1;-6,501544381E0;1,334277026E0;4,750000000E2;OUT;
1,588254922E1;-6,501544381E0;1,334277026E0;4,760000000E2;OUT;
1,591591592E1;-5,155549211E0;2,453576749E-1;4,770000000E2;OUT;
1,594928262E1;-4,137372727E0;2,122286021E-1;4,780000000E2;OUT;
1,598264932E1;-2,267967140E0;-5,555268112E-2;4,790000000E2;OUT;
1,601601602E1;-4,737891424E-1;-1,045229482E0;4,800000000E2;OUT;
1,604938272E1;-1,115972349E0;-9,053351001E-1;4,810000000E2;OUT;
1,608274942E1;-1,115972349E0;-9,053351001E-1;4,820000000E2;OUT;
1,611611612E1;-8,347369012E-1;-1,007615687E0;4,830000000E2;OUT;
1,614948282E1;-5,805544514E-1;-6,692362054E-1;4,840000000E2;OUT;
1,618284952E1;-5,805544514E-1;-6,692362054E-1;4,850000000E2;OUT;
1,621621622E1;-2,602585243E-1;-1,797216035E0;4,860000000E2;B;
1,624958292E1;8,969443306E-3;-1,314457450E0;4,870000000E2;B;
1,628294962E1;8,969443306E-3;-1,314457450E0;4,880000000E2;B;
1,631631632E1;2,401496111E-2;-1,170078346E0;4,890000000E2;B;
1,634968302E1;2,401496111E-2;-1,170078346E0;4,900000000E2;B;
1,638304972E1;3,153772001E-2;-1,097888794E0;4,910000000E2;B;
1,641641642E1;1,187727896E-1;-9,610324497E-1;4,920000000E2;B;
1,644978312E1;1,683940646E-1;-1,185123864E0;4,930000000E2;B;
1,648314982E1;2,401496111E-2;-1,170078346E0;4,940000000E2;B;
1,651651652E1;2,401496111E-2;-1,170078346E0;4,950000000E2;B;
1,654988322E1;-2,797887638E-1;-1,284366414E0;4,960000000E2;B;
1,658324992E1;-4,316906262E-1;-1,341510448E0;4,970000000E2;B;
1,661661662E1;-4,316906262E-1;-1,341510448E0;4,980000000E2;B;
1,664998332E1;-3,143645210E-1;-9,158958963E-1;4,990000000E2;B;
1,668335002E1;-3,143645210E-1;-9,158958963E-1;5,000000000E2;B;
1,671671672E1;-3,294100388E-1;-1,060275000E0;5,010000000E2;B;
1,675008342E1;-3,294100388E-1;-1,060275000E0;5,020000000E2;B;
1,678345012E1;-3,294100388E-1;-1,060275000E0;5,030000000E2;B;
1,681681682E1;-3,294100388E-1;-1,060275000E0;5,040000000E2;B;
1,685018352E1;-4,813119013E-1;-1,117419034E0;5,050000000E2;B;
1,688355022E1;-4,813119013E-1;-1,117419034E0;5,060000000E2;B;
1,691691692E1;-4,813119013E-1;-1,117419034E0;5,070000000E2;B;
1,695028362E1;-4,813119013E-1;-1,117419034E0;5,080000000E2;B;
1,698365032E1;-4,813119013E-1;-1,117419034E0;5,090000000E2;B;
1,701701702E1;-4,813119013E-1;-1,117419034E0;5,100000000E2;B;
1,705038372E1;-4,813119013E-1;-1,117419034E0;5,110000000E2;B;
1,708375042E1;-4,813119013E-1;-1,117419034E0;5,120000000E2;B;
1,711711712E1;-4,813119013E-1;-1,117419034E0;5,130000000E2;B;
1,715048382E1;-3,790313139E-1;-8,361835856E-1;5,140000000E2;B;
1,718385052E1;-3,790313139E-1;-8,361835856E-1;5,150000000E2;B;
1,721721722E1;-3,790313139E-1;-8,361835856E-1;5,160000000E2;B;
1,725058392E1;-4,587436246E-1;-9,008503785E-1;5,170000000E2;B;
1,728395062E1;-4,587436246E-1;-9,008503785E-1;5,180000000E2;B;
1,731731732E1;-4,587436246E-1;-9,008503785E-1;5,190000000E2;B;
1,735068402E1;-4,587436246E-1;-9,008503785E-1;5,200000000E2;B;
1,738405072E1;-3,068417621E-1;-8,437063445E-1;5,210000000E2;B;
1,741741742E1;-3,068417621E-1;-8,437063445E-1;5,220000000E2;B;
1,745078412E1;-3,790313139E-1;-8,361835856E-1;5,230000000E2;B;
1,748415082E1;-3,068417621E-1;-8,437063445E-1;5,240000000E2;B;
1,751751752E1;-9,565477280E-1;-7,760015144E-1;5,250000000E2;B;
1,755088422E1;-8,843581763E-1;-7,835242733E-1;5,260000000E2;B;
1,758425092E1;-4,512208657E-1;-8,286608267E-1;5,270000000E2;B;
1,761761762E1;-4,512208657E-1;-8,286608267E-1;5,280000000E2;B;
1,765098432E1;-5,158876585E-1;-7,489485160E-1;5,290000000E2;B;
1,768435102E1;-5,158876585E-1;-7,489485160E-1;5,300000000E2;B;
1,771771772E1;-5,158876585E-1;-7,489485160E-1;5,310000000E2;B;
1,775108442E1;-5,158876585E-1;-7,489485160E-1;5,320000000E2;B;
1,778445112E1;-5,158876585E-1;-7,489485160E-1;5,330000000E2;B;
1,781781782E1;-5,158876585E-1;-7,489485160E-1;5,340000000E2;B;
1,785118452E1;-5,880772103E-1;-7,414257571E-1;5,350000000E2;B;
1,788455122E1;-5,880772103E-1;-7,414257571E-1;5,360000000E2;B;
1,791791792E1;-5,880772103E-1;-7,414257571E-1;5,370000000E2;B;
1,795128462E1;-5,805544514E-1;-6,692362054E-1;5,380000000E2;B;
1,798465132E1;-5,805544514E-1;-6,692362054E-1;5,390000000E2;B;
1,801801802E1;-5,805544514E-1;-6,692362054E-1;5,400000000E2;B;
1,805138472E1;-2,628914899E0;-1,793888661E-2;5,410000000E2;OUT;
1,808475142E1;-2,628914899E0;-1,793888661E-2;5,420000000E2;OUT;
1,811811812E1;-3,955379829E0;5,581308431E-1;5,430000000E2;OUT;
1,815148482E1;-5,102889899E0;7,506845373E-1;5,440000000E2;OUT;
1,818485152E1;-5,102889899E0;7,506845373E-1;5,450000000E2;OUT;
1,821821822E1;-5,065276104E0;1,111632296E0;5,460000000E2;OUT;
1,825158492E1;-5,065276104E0;1,111632296E0;5,470000000E2;OUT;
1,828495162E1;-5,080321622E0;9,672531926E-1;5,480000000E2;OUT;
1,831831832E1;-5,020139551E0;1,544769607E0;5,490000000E2;OUT;
1,835168502E1;-5,020139551E0;1,544769607E0;5,500000000E2;OUT;
1,838505172E1;-5,020139551E0;1,544769607E0;5,510000000E2;OUT;
1,841841842E1;-5,057753345E0;1,183821848E0;5,520000000E2;OUT;
1,845178512E1;-5,057753345E0;1,183821848E0;5,530000000E2;OUT;
1,848515182E1;-5,057753345E0;1,183821848E0;5,540000000E2;OUT;
1,851851852E1;-5,035185069E0;1,400390503E0;5,550000000E2;OUT;
1,855188522E1;-4,962995517E0;1,392867744E0;5,560000000E2;OUT;
1,858525192E1;-4,796048137E0;1,594390882E0;5,570000000E2;OUT;
1,861861862E1;-4,723858585E0;1,586868123E0;5,580000000E2;OUT;
1,865198532E1;-3,149287279E0;-1,096586778E-1;5,590000000E2;OUT;
1,868535202E1;-3,221476831E0;-1,021359189E-1;5,600000000E2;OUT;
1,871871872E1;-2,556725347E0;-2,546164551E-2;5,610000000E2;OUT;
1,875208542E1;-1,690450726E0;-1,157347523E-1;5,620000000E2;OUT;
1,878545212E1;-5,699936552E-1;1,323716230E-1;5,630000000E2;B;
1,881881882E1;-5,699936552E-1;1,323716230E-1;5,640000000E2;B;
1,885218552E1;-8,918809352E-1;-8,557138251E-1;5,650000000E2;B;
1,888555222E1;-9,836007264E-1;-3,353414449E-1;5,660000000E2;B;
1,891891892E1;-9,836007264E-1;-3,353414449E-1;5,670000000E2;B;
1,895228562E1;-4,707511051E-1;-3,158112054E-1;5,680000000E2;B;
1,898565232E1;-4,707511051E-1;-3,158112054E-1;5,690000000E2;B;
1,901901902E1;-4,707511051E-1;-3,158112054E-1;5,700000000E2;B;
1,905238572E1;-5,008421407E-1;-6,045694125E-1;5,710000000E2;B;
1,911911912E1;-5,008421407E-1;-6,045694125E-1;5,730000000E2;B;
1,915248582E1;-4,136070711E-1;-4,677130679E-1;5,740000000E2;B;
1,918585252E1;-4,136070711E-1;-4,677130679E-1;5,750000000E2;B;
1,921921922E1;-8,693126585E-1;-6,391451698E-1;5,760000000E2;B;
1,928595262E1;-8,422596601E-1;-1,079805239E0;5,780000000E2;B;
1,931931932E1;-1,305488006E0;-1,323426893E0;5,790000000E2;B;
1,935268602E1;-1,028737280E0;-7,684787555E-1;5,800000000E2;B;
1,938605272E1;-9,565477280E-1;-7,760015144E-1;5,810000000E2;B;
1,941941942E1;-7,971231067E-1;-6,466679287E-1;5,820000000E2;B;
1,945278612E1;-7,896003478E-1;-5,744783769E-1;5,830000000E2;B;
1,948615282E1;-7,896003478E-1;-5,744783769E-1;5,840000000E2;B;
1,951951952E1;-7,820775889E-1;-5,022888251E-1;5,850000000E2;B;
1,955288622E1;-7,174107960E-1;-5,820011358E-1;5,860000000E2;B;
1,958625292E1;-7,174107960E-1;-5,820011358E-1;5,870000000E2;B;
1,961961962E1;-6,452212443E-1;-5,895238947E-1;5,880000000E2;B;
1,968635302E1;-5,730316925E-1;-5,970466536E-1;5,900000000E2;B;
1,971971972E1;-9,490249691E-1;-7,038119626E-1;5,910000000E2;B;
1,975308642E1;-9,490249691E-1;-7,038119626E-1;5,920000000E2;B;
1,978645312E1;-1,021214521E0;-6,962892037E-1;5,930000000E2;B;
1,981981982E1;-7,820775889E-1;-5,022888251E-1;5,940000000E2;B;
1,985318652E1;-7,820775889E-1;-5,022888251E-1;5,950000000E2;B;
1,988655322E1;-8,046458656E-1;-7,188574804E-1;5,960000000E2;B;
1,991991992E1;-8,272141423E-1;-9,354261357E-1;5,970000000E2;B;
1,995328662E1;-1,446829073E0;-5,789630985E-1;5,980000000E2;B;
1,998665332E1;-3,119196244E0;1,790995292E-1;5,990000000E2;OUT;
2,002002002E1;-4,156902967E0;7,250782234E-1;6,000000000E2;OUT;
2,005338672E1;-3,922250757E0;1,576307327E0;6,010000000E2;OUT;
2,008675342E1;-3,922250757E0;1,576307327E0;6,020000000E2;OUT;
2,012012012E1;-4,131296653E0;1,671065155E0;6,030000000E2;OUT;
2,015348682E1;-4,248622758E0;1,245450604E0;6,040000000E2;OUT;
2,018685352E1;-4,248622758E0;1,245450604E0;6,050000000E2;OUT;
2,022022022E1;-4,248622758E0;1,245450604E0;6,060000000E2;OUT;
2,025358692E1;-4,248622758E0;1,245450604E0;6,070000000E2;OUT;
2,028695362E1;-4,263668276E0;1,101071500E0;6,080000000E2;OUT;
2,032032032E1;-3,887674999E0;1,207836809E0;6,090000000E2;OUT;
2,035368702E1;-3,887674999E0;1,207836809E0;6,100000000E2;OUT;
2,038705372E1;-3,887674999E0;1,207836809E0;6,110000000E2;OUT;
2,042042042E1;-3,887674999E0;1,207836809E0;6,120000000E2;OUT;
2,045378712E1;-3,887674999E0;1,207836809E0;6,130000000E2;OUT;
2,048715382E1;-3,887674999E0;1,207836809E0;6,140000000E2;OUT;
2,052052052E1;-3,887674999E0;1,207836809E0;6,150000000E2;OUT;
2,055388722E1;-3,887674999E0;1,207836809E0;6,160000000E2;OUT;
2,058725392E1;-3,887674999E0;1,207836809E0;6,170000000E2;OUT;
2,062062062E1;-3,887674999E0;1,207836809E0;6,180000000E2;OUT;
2,065398732E1;-3,887674999E0;1,207836809E0;6,190000000E2;OUT;
2,068735402E1;-3,887674999E0;1,207836809E0;6,200000000E2;OUT;
2,072072072E1;-2,815392519E0;2,933875972E-1;6,210000000E2;OUT;
2,075408742E1;-2,807869760E0;3,655771489E-1;6,220000000E2;OUT;
2,078745412E1;-2,701104451E0;-1,041612771E-2;6,230000000E2;OUT;
2,082082082E1;-5,429406569E-1;-3,082884465E-1;6,240000000E2;B;
2,085418752E1;-8,542671407E-1;-4,947660662E-1;6,250000000E2;B;
2,088755422E1;-8,542671407E-1;-4,947660662E-1;6,260000000E2;B;
2,092092092E1;-8,542671407E-1;-4,947660662E-1;6,270000000E2;B;
2,095428762E1;-8,542671407E-1;-4,947660662E-1;6,280000000E2;B;
2,098765432E1;-8,542671407E-1;-4,947660662E-1;6,290000000E2;B;
2,102102102E1;-8,542671407E-1;-4,947660662E-1;6,300000000E2;B;
2,105438772E1;-8,542671407E-1;-4,947660662E-1;6,310000000E2;B;
2,108775442E1;-8,542671407E-1;-4,947660662E-1;6,320000000E2;B;
2,112112112E1;-8,542671407E-1;-4,947660662E-1;6,330000000E2;B;
2,115448782E1;-8,542671407E-1;-4,947660662E-1;6,340000000E2;B;
2,118785452E1;-8,542671407E-1;-4,947660662E-1;6,350000000E2;B;
2,122122122E1;-8,542671407E-1;-4,947660662E-1;6,360000000E2;B;
2,125458792E1;-8,542671407E-1;-4,947660662E-1;6,370000000E2;B;
2,128795462E1;-8,542671407E-1;-4,947660662E-1;6,380000000E2;B;
2,132132132E1;-1,115972349E0;-9,053351001E-1;6,390000000E2;B;
2,135468802E1;-1,115972349E0;-9,053351001E-1;6,400000000E2;B;
2,138805472E1;-1,115972349E0;-9,053351001E-1;6,410000000E2;B;
2,142142142E1;-1,043782798E0;-9,128578590E-1;6,420000000E2;B;
2,145478812E1;-1,100926832E0;-7,609559966E-1;6,430000000E2;B;
2,148815482E1;-1,100926832E0;-7,609559966E-1;6,440000000E2;B;
2,152152152E1;-1,028737280E0;-7,684787555E-1;6,450000000E2;B;
2,155488822E1;-1,028737280E0;-7,684787555E-1;6,460000000E2;B;
2,158825492E1;-1,028737280E0;-7,684787555E-1;6,470000000E2;B;
2,162162162E1;-1,028737280E0;-7,684787555E-1;6,480000000E2;B;
2,165498832E1;-6,332137637E-1;-1,174563068E0;6,490000000E2;B;
2,168835502E1;-9,339794513E-1;-5,594328591E-1;6,500000000E2;B;
2,172172172E1;-9,339794513E-1;-5,594328591E-1;6,510000000E2;B;
2,175508842E1;-9,339794513E-1;-5,594328591E-1;6,520000000E2;B;
2,178845512E1;-9,339794513E-1;-5,594328591E-1;6,530000000E2;B;
2,182182182E1;-9,339794513E-1;-5,594328591E-1;6,540000000E2;B;
2,185518852E1;-9,339794513E-1;-5,594328591E-1;6,550000000E2;B;
2,188855522E1;-3,225961553E0;5,550928059E-1;6,560000000E2;OUT;
2,192192192E1;-3,283105587E0;7,069946683E-1;6,570000000E2;OUT;
2,195528862E1;-3,469583206E0;1,018321152E0;6,580000000E2;OUT;
2,198865532E1;-4,047099621E0;1,078503223E0;6,590000000E2;OUT;
2,202202202E1;-4,047099621E0;1,078503223E0;6,600000000E2;OUT;
2,205538872E1;-4,047099621E0;1,078503223E0;6,610000000E2;OUT;
2,208875542E1;-4,047099621E0;1,078503223E0;6,620000000E2;OUT;
2,212212212E1;-4,047099621E0;1,078503223E0;6,630000000E2;OUT;
2,215548882E1;-3,940334312E0;7,025099467E-1;6,640000000E2;OUT;
2,218885552E1;-3,940334312E0;7,025099467E-1;6,650000000E2;OUT;
2,222222222E1;-3,875667519E0;6,227976360E-1;6,660000000E2;OUT;
2,225558892E1;-4,278713794E0;9,566923965E-1;6,670000000E2;OUT;
2,228895562E1;-2,994347380E0;6,769036327E-1;6,680000000E2;OUT;
2,232232232E1;-3,001870139E0;6,047140809E-1;6,690000000E2;OUT;
2,235568902E1;-1,622745896E0;5,339712136E-1;6,700000000E2;OUT;
2,238905572E1;-1,812261553E0;1,158794208E-1;6,710000000E2;OUT;
2,242242242E1;-1,812261553E0;1,158794208E-1;6,720000000E2;OUT;
2,245578912E1;-1,812261553E0;1,158794208E-1;6,730000000E2;OUT;
2,248915582E1;-1,812261553E0;1,158794208E-1;6,740000000E2;OUT;
2,252252252E1;-1,812261553E0;1,158794208E-1;6,750000000E2;OUT;
2,255588922E1;-1,705496244E0;-2,601138559E-1;6,760000000E2;OUT;
2,258925592E1;-3,609477588E-1;3,761379451E-2;6,770000000E2;OUT;
2,262262262E1;-8,963656568E-1;-1,984851003E-1;6,780000000E2;B;
2,265598932E1;-8,888428979E-1;-1,262955485E-1;6,790000000E2;B;
2,268935602E1;-8,888428979E-1;-1,262955485E-1;6,800000000E2;B;
2,272272272E1;1,067653090E-1;-3,759932766E-1;6,810000000E2;B;
2,275608942E1;-4,060843122E-1;-3,955235161E-1;6,820000000E2;B;
2,278945612E1;-5,655089336E-1;-5,248571018E-1;6,830000000E2;B;
2,282282282E1;-5,655089336E-1;-5,248571018E-1;6,840000000E2;B;
2,285618952E1;-5,655089336E-1;-5,248571018E-1;6,850000000E2;B;
2,288955622E1;-5,655089336E-1;-5,248571018E-1;6,860000000E2;B;
2,292292292E1;-5,655089336E-1;-5,248571018E-1;6,870000000E2;B;
2,295628962E1;-5,655089336E-1;-5,248571018E-1;6,880000000E2;B;
2,298965632E1;-5,655089336E-1;-5,248571018E-1;6,890000000E2;B;
2,302302302E1;-5,655089336E-1;-5,248571018E-1;6,900000000E2;B;
2,305638972E1;-5,655089336E-1;-5,248571018E-1;6,910000000E2;B;
2,308975642E1;-8,272141423E-1;-9,354261357E-1;6,920000000E2;OUT;
2,312312312E1;-3,859175317E0;-6,194702619E-1;6,930000000E2;OUT;
2,315648982E1;-2,427391762E0;-1,848862669E-1;6,940000000E2;OUT;
2,318985652E1;-4,190032040E0;-2,930982603E-1;6,950000000E2;OUT;
2,322322322E1;-4,277267109E0;-4,299546049E-1;6,960000000E2;OUT;
2,325658992E1;-5,298481630E0;-1,126243809E0;6,970000000E2;OUT;
2,328995662E1;-5,298481630E0;-1,126243809E0;6,980000000E2;OUT;
2,332332332E1;-5,298481630E0;-1,126243809E0;6,990000000E2;OUT;
2,335669002E1;-5,275913354E0;-9,096751533E-1;7,000000000E2;OUT;
2,339005672E1;-5,196201043E0;-8,450083605E-1;7,010000000E2;OUT;
2,342342342E1;-4,979632388E0;-8,675766372E-1;7,020000000E2;OUT;
2,345679012E1;-4,979632388E0;-8,675766372E-1;7,030000000E2;OUT;
2,349015682E1;-3,189939111E0;-1,200024713E0;7,040000000E2;OUT;
2,352352352E1;-2,893658145E0;-1,157926197E0;7,050000000E2;OUT;
2,355689022E1;-1,743110039E0;-6,210616147E-1;7,060000000E2;OUT;
2,359025692E1;-2,168724590E0;-5,037355095E-1;7,070000000E2;B;
2,362362362E1;-1,439306314E0;-5,067735468E-1;7,080000000E2;B;
2,365699032E1;-1,439306314E0;-5,067735468E-1;7,090000000E2;B;
2,369035702E1;-1,484442867E0;-9,399108574E-1;7,100000000E2;B;
2,372372372E1;-1,469397349E0;-7,955317538E-1;7,110000000E2;B;
2,379045712E1;-1,461874590E0;-7,233422021E-1;7,130000000E2;B;
2,382382382E1;-1,461874590E0;-7,233422021E-1;7,140000000E2;B;
2,385719052E1;-1,461874590E0;-7,233422021E-1;7,150000000E2;B;
2,389055722E1;-1,397207798E0;-8,030545127E-1;7,160000000E2;B;
2,392392392E1;-1,325018246E0;-8,105772716E-1;7,170000000E2;B;
2,395729062E1;-1,332541005E0;-8,827668234E-1;7,180000000E2;B;
2,399065732E1;-1,123495108E0;-9,775246519E-1;7,190000000E2;B;
2,402402402E1;-1,123495108E0;-9,775246519E-1;7,200000000E2;B;
2,405739072E1;-1,123495108E0;-9,775246519E-1;7,210000000E2;B;
2,409075742E1;-1,123495108E0;-9,775246519E-1;7,220000000E2;B;
2,412412412E1;-1,123495108E0;-9,775246519E-1;7,230000000E2;B;
2,415749082E1;-1,123495108E0;-9,775246519E-1;7,240000000E2;B;
2,419085752E1;-1,153586144E0;-1,266282859E0;7,250000000E2;B;
2,422422422E1;-1,138540626E0;-1,121903755E0;7,260000000E2;B;
2,425759092E1;-1,138540626E0;-1,121903755E0;7,270000000E2;B;
2,429095762E1;-1,138540626E0;-1,121903755E0;7,280000000E2;B;
2,432432432E1;-1,138540626E0;-1,121903755E0;7,290000000E2;B;
2,435769102E1;-1,146063385E0;-1,194093307E0;7,300000000E2;B;
2,439105772E1;-1,146063385E0;-1,194093307E0;7,310000000E2;B;
2,442442442E1;-1,176154421E0;-1,482851514E0;7,320000000E2;B;
2,445779112E1;-1,176154421E0;-1,482851514E0;7,330000000E2;B;
2,449115782E1;-1,176154421E0;-1,482851514E0;7,340000000E2;B;
2,452452452E1;-1,340063764E0;-9,549563752E-1;7,350000000E2;B;
2,455789122E1;-1,340063764E0;-9,549563752E-1;7,360000000E2;B;
2,459125792E1;-1,267874212E0;-9,624791341E-1;7,370000000E2;B;
2,462462462E1;-1,267874212E0;-9,624791341E-1;7,380000000E2;B;
2,465799132E1;-1,282919730E0;-1,106858238E0;7,390000000E2;B;
2,472472472E1;-1,282919730E0;-1,106858238E0;7,410000000E2;B;
2,475809142E1;-1,355109281E0;-1,099335479E0;7,420000000E2;B;
2,479145812E1;-1,282919730E0;-1,106858238E0;7,430000000E2;B;
2,482482482E1;-1,131017867E0;-1,049714204E0;7,440000000E2;B;
2,485819152E1;-1,131017867E0;-1,049714204E0;7,450000000E2;B;
2,489155822E1;-1,131017867E0;-1,049714204E0;7,460000000E2;B;
2,492492492E1;-1,131017867E0;-1,049714204E0;7,470000000E2;B;
2,495829162E1;-1,138540626E0;-1,121903755E0;7,480000000E2;B;
2,499165832E1;-1,138540626E0;-1,121903755E0;7,490000000E2;B;
2,502502503E1;-1,173116383E0;-7,534332377E-1;7,500000000E2;B;
2,505839173E1;-1,173116383E0;-7,534332377E-1;7,510000000E2;B;
2,509175843E1;-1,173116383E0;-7,534332377E-1;7,520000000E2;B;
2,512512513E1;-1,173116383E0;-7,534332377E-1;7,530000000E2;B;
2,515849183E1;-7,249335549E-1;-6,541906876E-1;7,540000000E2;B;
2,519185853E1;-1,158070866E0;-6,090541341E-1;7,550000000E2;OUT;
2,522522523E1;-1,230260417E0;-6,015313752E-1;7,560000000E2;OUT;
2,525859193E1;-2,537195108E0;-5,383112668E-1;7,570000000E2;OUT;
2,529195863E1;-2,746241004E0;-4,435534383E-1;7,580000000E2;OUT;
2,532532533E1;-5,281844760E0;1,134200573E0;7,590000000E2;OUT;
2,535869203E1;-8,509397665E0;-4,267718992E-1;7,600000000E2;OUT;
2,539205873E1;-6,182695138E0;1,592944197E0;7,610000000E2;OUT;
2,542542543E1;-6,288013763E0;5,822904727E-1;7,620000000E2;OUT;
2,545879213E1;-6,288013763E0;5,822904727E-1;7,630000000E2;OUT;
2,549215883E1;-6,288013763E0;5,822904727E-1;7,640000000E2;OUT;
2,552552553E1;-6,288013763E0;5,822904727E-1;7,650000000E2;OUT;
2,555889223E1;-6,288013763E0;5,822904727E-1;7,660000000E2;OUT;
2,559225893E1;-6,090975347E0;1,072571817E0;7,670000000E2;OUT;
2,562562563E1;-6,090975347E0;1,072571817E0;7,680000000E2;OUT;
2,565899233E1;-6,011263036E0;1,137238610E0;7,690000000E2;OUT;
2,569235903E1;-4,746426862E0;1,370299468E0;7,700000000E2;OUT;
2,572572573E1;-3,895197758E0;1,135647257E0;7,710000000E2;OUT;
2,575909243E1;-3,586909312E0;5,927066004E-1;7,720000000E2;OUT;
2,579245913E1;-3,617000347E0;3,039483933E-1;7,730000000E2;OUT;
2,582582583E1;-3,617000347E0;3,039483933E-1;7,740000000E2;OUT;
2,585919253E1;-3,617000347E0;3,039483933E-1;7,750000000E2;OUT;
2,589255923E1;-3,617000347E0;3,039483933E-1;7,760000000E2;OUT;
2,592592593E1;-2,156717110E0;-1,088774683E0;7,770000000E2;OUT;
2,595929263E1;-1,061866353E0;-1,786655239E0;7,780000000E2;OUT;
2,599265933E1;-2,647432460E-1;-1,139987310E0;7,790000000E2;OUT;
2,602602603E1;-4,993954563E-1;-1,991216414E0;7,800000000E2;OUT;
2,605939273E1;-4,993954563E-1;-1,991216414E0;7,810000000E2;OUT;
2,609275943E1;-4,272059045E-1;-1,998739173E0;7,820000000E2;OUT;
2,612612613E1;-4,272059045E-1;-1,998739173E0;7,830000000E2;OUT;
2,615949283E1;-3,550163528E-1;-2,006261932E0;7,840000000E2;OUT;
2,619285953E1;-3,550163528E-1;-2,006261932E0;7,850000000E2;OUT;
2,622622623E1;-3,550163528E-1;-2,006261932E0;7,860000000E2;OUT;
2,625959293E1;-2,677812832E-1;-1,869405587E0;7,870000000E2;OUT;
2,629295963E1;-2,677812832E-1;-1,869405587E0;7,880000000E2;OUT;
2,632632633E1;-4,377667007E-1;-2,800347001E0;7,890000000E2;OUT;
2,635969303E1;-1,448420425E0;-2,695028377E0;7,900000000E2;OUT;
2,639305973E1;-5,361701739E0;-2,433178499E0;7,910000000E2;OUT;
2,642642643E1;-6,449029737E0;-1,663108391E0;7,920000000E2;OUT;
2,645979313E1;-6,433984219E0;-1,518729287E0;7,930000000E2;OUT;
2,649315983E1;-6,787409219E0;-1,408925941E0;7,940000000E2;OUT;
2,652652653E1;-6,825023013E0;-1,769873700E0;7,950000000E2;OUT;
2,655989323E1;-6,825023013E0;-1,769873700E0;7,960000000E2;OUT;
2,659325993E1;-6,825023013E0;-1,769873700E0;7,970000000E2;OUT;
2,662662663E1;-6,825023013E0;-1,769873700E0;7,980000000E2;OUT;
2,665999333E1;-6,825023013E0;-1,769873700E0;7,990000000E2;OUT;
2,669336003E1;-6,825023013E0;-1,769873700E0;8,000000000E2;OUT;
2,672672673E1;-6,825023013E0;-1,769873700E0;8,010000000E2;OUT;
2,676009343E1;-6,825023013E0;-1,769873700E0;8,020000000E2;OUT;
2,679346013E1;-6,752833462E0;-1,777396459E0;8,030000000E2;OUT;
2,682682683E1;-6,752833462E0;-1,777396459E0;8,040000000E2;OUT;
2,686019353E1;-6,752833462E0;-1,777396459E0;8,050000000E2;OUT;
2,689356023E1;-5,563224876E0;-2,266231119E0;8,060000000E2;OUT;
2,692692693E1;-3,451644320E0;-1,610593747E0;8,070000000E2;OUT;
2,696029363E1;-1,791284629E0;-1,783617202E0;8,080000000E2;OUT;
2,699366033E1;-1,913095456E0;-1,552003029E0;8,090000000E2;OUT;
2,702702703E1;-1,306934691E0;6,322010846E-2;8,100000000E2;B;
2,706039373E1;-1,272358933E0;-3,052504093E-1;8,110000000E2;B;
2,709376043E1;-1,272358933E0;-3,052504093E-1;8,120000000E2;B;
2,712712713E1;-1,272358933E0;-3,052504093E-1;8,130000000E2;B;
2,716049383E1;-1,272358933E0;-3,052504093E-1;8,140000000E2;B;
2,719386053E1;-1,272358933E0;-3,052504093E-1;8,150000000E2;B;
2,722722723E1;-1,272358933E0;-3,052504093E-1;8,160000000E2;B;
2,726059393E1;-1,272358933E0;-3,052504093E-1;8,170000000E2;B;
2,729396063E1;-1,272358933E0;-3,052504093E-1;8,180000000E2;B;
2,732732733E1;-1,272358933E0;-3,052504093E-1;8,190000000E2;B;
2,736069403E1;-1,272358933E0;-3,052504093E-1;8,200000000E2;B;
2,739406073E1;-1,272358933E0;-3,052504093E-1;8,210000000E2;B;
2,742742743E1;-1,272358933E0;-3,052504093E-1;8,220000000E2;B;
2,746079413E1;-1,272358933E0;-3,052504093E-1;8,230000000E2;B;
2,749416083E1;-1,272358933E0;-3,052504093E-1;8,240000000E2;B;
2,752752753E1;-1,272358933E0;-3,052504093E-1;8,250000000E2;B;
2,756089423E1;-1,272358933E0;-3,052504093E-1;8,260000000E2;B;
2,759426093E1;-9,490249691E-1;-7,038119626E-1;8,270000000E2;B;
2,762762763E1;-9,490249691E-1;-7,038119626E-1;8,280000000E2;B;
2,766099433E1;-9,490249691E-1;-7,038119626E-1;8,290000000E2;B;
2,769436103E1;-9,490249691E-1;-7,038119626E-1;8,300000000E2;B;
2,772772773E1;-9,490249691E-1;-7,038119626E-1;8,310000000E2;B;
2,776109443E1;-9,490249691E-1;-7,038119626E-1;8,320000000E2;B;
2,779446113E1;-9,490249691E-1;-7,038119626E-1;8,330000000E2;B;
2,782782783E1;-9,490249691E-1;-7,038119626E-1;8,340000000E2;B;
2,786119453E1;4,947660662E-1;-8,542671407E-1;8,350000000E2;B;
2,789456123E1;5,022888251E-1;-7,820775889E-1;8,360000000E2;B;
2,792792793E1;5,022888251E-1;-7,820775889E-1;8,370000000E2;B;
2,796129463E1;5,022888251E-1;-7,820775889E-1;8,380000000E2;B;
2,799466133E1;5,022888251E-1;-7,820775889E-1;8,390000000E2;B;
2,802802803E1;5,022888251E-1;-7,820775889E-1;8,400000000E2;B;
2,806139473E1;5,022888251E-1;-7,820775889E-1;8,410000000E2;B;
2,809476143E1;5,022888251E-1;-7,820775889E-1;8,420000000E2;B;
2,812812813E1;5,022888251E-1;-7,820775889E-1;8,430000000E2;B;
2,816149483E1;5,022888251E-1;-7,820775889E-1;8,440000000E2;B;
2,819486153E1;5,022888251E-1;-7,820775889E-1;8,450000000E2;B;
2,822822823E1;4,797205484E-1;-9,986462442E-1;8,460000000E2;B;
2,826159493E1;-8,361835856E-1;3,790313139E-1;8,470000000E2;OUT;
2,829496163E1;-2,827399999E0;8,784267702E-1;8,480000000E2;OUT;
2,832832833E1;-2,827399999E0;8,784267702E-1;8,490000000E2;OUT;
2,836169503E1;-4,256145517E0;1,173261052E0;8,500000000E2;OUT;
2,839506173E1;-4,256145517E0;1,173261052E0;8,510000000E2;OUT;
2,842842843E1;-4,256145517E0;1,173261052E0;8,520000000E2;OUT;
2,846179513E1;-4,256145517E0;1,173261052E0;8,530000000E2;OUT;
2,849516183E1;-4,256145517E0;1,173261052E0;8,540000000E2;OUT;
2,852852853E1;-4,256145517E0;1,173261052E0;8,550000000E2;OUT;
2,856189523E1;-4,256145517E0;1,173261052E0;8,560000000E2;OUT;
2,859526193E1;-4,256145517E0;1,173261052E0;8,570000000E2;OUT;
2,862862863E1;-3,952341792E0;1,287549120E0;8,580000000E2;OUT;
2,866199533E1;-3,952341792E0;1,287549120E0;8,590000000E2;OUT;
2,869536203E1;-4,089198137E0;1,374784189E0;8,600000000E2;OUT;
2,872872873E1;-1,015138446E0;7,625473494E-1;8,610000000E2;OUT;
2,876209543E1;-1,376086205E0;8,001611439E-1;8,620000000E2;OUT;
2,879546213E1;-1,376086205E0;8,001611439E-1;8,630000000E2;OUT;
2,882882883E1;-1,121903755E0;1,138540626E0;8,640000000E2;OUT;
2,886219553E1;-1,121903755E0;1,138540626E0;8,650000000E2;OUT;
2,889556223E1;-1,121903755E0;1,138540626E0;8,660000000E2;OUT;
2,892892893E1;-1,121903755E0;1,138540626E0;8,670000000E2;OUT;
2,896229563E1;-1,121903755E0;1,138540626E0;8,680000000E2;OUT;
2,899566233E1;-1,121903755E0;1,138540626E0;8,690000000E2;OUT;
2,902902903E1;-1,121903755E0;1,138540626E0;8,700000000E2;OUT;
2,906239573E1;-1,121903755E0;1,138540626E0;8,710000000E2;OUT;
2,909576243E1;-1,121903755E0;1,138540626E0;8,720000000E2;OUT;
2,912912913E1;-1,121903755E0;1,138540626E0;8,730000000E2;OUT;
2,916249583E1;-1,121903755E0;1,138540626E0;8,740000000E2;OUT;
2,919586253E1;-1,151994791E0;8,497824190E-1;8,750000000E2;OUT;
2,922922923E1;-3,759932766E-1;-1,067653090E-1;8,760000000E2;OUT;
2,926259593E1;8,136153089E-1;-5,955999692E-1;8,770000000E2;B;
2,929596263E1;2,586671715E-1;-3,188492427E-1;8,780000000E2;B;
2,932932933E1;2,661899304E-1;-2,466596909E-1;8,790000000E2;B;
2,936269603E1;4,180917928E-1;-1,895156569E-1;8,800000000E2;B;
2,939606273E1;4,180917928E-1;-1,895156569E-1;8,810000000E2;B;
2,942942943E1;4,180917928E-1;-1,895156569E-1;8,820000000E2;B;
2,946279613E1;4,105690339E-1;-2,617052087E-1;8,830000000E2;B;
2,949616283E1;4,105690339E-1;-2,617052087E-1;8,840000000E2;B;
2,952952953E1;4,105690339E-1;-2,617052087E-1;8,850000000E2;B;
2,956289623E1;4,105690339E-1;-2,617052087E-1;8,860000000E2;B;
2,959626293E1;3,503869627E-1;-8,392216229E-1;8,870000000E2;B;
2,962962963E1;3,503869627E-1;-8,392216229E-1;8,880000000E2;B;
2,966299633E1;3,503869627E-1;-8,392216229E-1;8,890000000E2;B;
2,969636303E1;3,428642038E-1;-9,114111746E-1;8,900000000E2;B;
2,972972973E1;5,699936552E-1;-1,323716230E-1;8,910000000E2;B;
2,976309643E1;5,474253785E-1;-3,489402783E-1;8,920000000E2;B;
2,979646313E1;5,474253785E-1;-3,489402783E-1;8,930000000E2;B;
2,982982983E1;5,399026196E-1;-4,211298300E-1;8,940000000E2;B;
2,986319653E1;5,399026196E-1;-4,211298300E-1;8,950000000E2;B;
2,989656323E1;5,399026196E-1;-4,211298300E-1;8,960000000E2;B;
2,992992993E1;5,022888251E-1;-7,820775889E-1;8,970000000E2;B;
2,996329663E1;5,022888251E-1;-7,820775889E-1;8,980000000E2;B;
2,999666333E1;3,654324805E-1;-6,948425193E-1;8,990000000E2;B;
3,003003003E1;3,654324805E-1;-6,948425193E-1;9,000000000E2;B;
3,006339673E1;3,654324805E-1;-6,948425193E-1;9,010000000E2;B;
3,009676343E1;3,654324805E-1;-6,948425193E-1;9,020000000E2;B;
3,013013013E1;3,579097216E-1;-7,670320711E-1;9,030000000E2;B;
3,016349683E1;2,857201698E-1;-7,595093122E-1;9,040000000E2;B;
3,019686353E1;3,007656876E-1;-6,151302086E-1;9,050000000E2;B;
3,023023023E1;3,007656876E-1;-6,151302086E-1;9,060000000E2;B;
3,026359693E1;3,082884465E-1;-5,429406569E-1;9,070000000E2;B;
3,029696363E1;3,007656876E-1;-6,151302086E-1;9,080000000E2;B;
3,033033033E1;3,007656876E-1;-6,151302086E-1;9,090000000E2;B;
3,036369703E1;6,915151452E-2;-7,369410355E-1;9,100000000E2;B;
3,039706373E1;6,915151452E-2;-7,369410355E-1;9,110000000E2;B;
3,043043043E1;-9,027310682E-2;-8,662746212E-1;9,120000000E2;B;
3,046379713E1;6,915151452E-2;-7,369410355E-1;9,130000000E2;B;
3,049716383E1;-9,027310682E-2;-8,662746212E-1;9,140000000E2;B;
3,053053053E1;1,338183074E-1;-8,166533461E-1;9,150000000E2;B;
3,056389723E1;1,338183074E-1;-8,166533461E-1;9,160000000E2;B;
3,059726393E1;1,789548608E-1;-3,835160355E-1;9,170000000E2;B;
3,063063063E1;1,067653090E-1;-3,759932766E-1;9,180000000E2;B;
3,066399733E1;-6,948425193E-1;-3,654324805E-1;9,190000000E2;OUT;
3,069736403E1;-1,949117898E0;2,031144903E-1;9,200000000E2;OUT;
3,073073073E1;-3,176340278E0;3,310013917E-1;9,210000000E2;OUT;
3,076409743E1;-4,547941761E0;4,739338108E-1;9,220000000E2;OUT;
3,079746413E1;-4,711851104E0;1,001828950E0;9,230000000E2;OUT;
3,083083083E1;-5,065276104E0;1,111632296E0;9,240000000E2;OUT;
3,086419753E1;-5,354034311E0;1,141723332E0;9,250000000E2;OUT;
3,089756423E1;-5,354034311E0;1,141723332E0;9,260000000E2;OUT;
3,093093093E1;-5,426223863E0;1,149246091E0;9,270000000E2;OUT;
3,096429763E1;-5,426223863E0;1,149246091E0;9,280000000E2;OUT;
3,099766433E1;-5,426223863E0;1,149246091E0;9,290000000E2;OUT;
3,103103103E1;-5,426223863E0;1,149246091E0;9,300000000E2;OUT;
3,106439773E1;-5,426223863E0;1,149246091E0;9,310000000E2;OUT;
3,109776443E1;-5,426223863E0;1,149246091E0;9,320000000E2;OUT;
3,113113113E1;-5,578125726E0;1,092102057E0;9,330000000E2;OUT;
3,116449783E1;-5,266799242E0;1,278579676E0;9,340000000E2;OUT;
3,119786453E1;-5,403655586E0;1,365814746E0;9,350000000E2;OUT;
3,123123123E1;-5,555557449E0;1,308670712E0;9,360000000E2;OUT;
3,126459793E1;-5,555557449E0;1,308670712E0;9,370000000E2;OUT;
3,129796463E1;-4,662229829E0;7,777375357E-1;9,380000000E2;OUT;
3,133133133E1;-4,570510038E0;2,573651555E-1;9,390000000E2;OUT;
3,136469803E1;-4,156902967E0;7,250782234E-1;9,400000000E2;OUT;
3,139806473E1;-2,352164173E0;5,370092508E-1;9,410000000E2;OUT;
3,143143143E1;-2,101019760E0;1,459704564E-1;9,420000000E2;OUT;
3,146479813E1;-1,242267898E0;-1,649220221E-2;9,430000000E2;B;
3,149816483E1;-1,242267898E0;-1,649220221E-2;9,440000000E2;B;
3,153153153E1;-1,242267898E0;-1,649220221E-2;9,450000000E2;B;
3,156489823E1;-1,242267898E0;-1,649220221E-2;9,460000000E2;B;
3,159826493E1;-1,242267898E0;-1,649220221E-2;9,470000000E2;B;
3,163163163E1;-1,242267898E0;-1,649220221E-2;9,480000000E2;B;
3,166499833E1;-8,241761050E-1;-2,060078592E-1;9,490000000E2;B;
3,169836503E1;-1,147510069E0;1,925536942E-1;9,500000000E2;B;
3,173173173E1;-1,147510069E0;1,925536942E-1;9,510000000E2;B;
3,176509843E1;-1,170078346E0;-2,401496111E-2;9,520000000E2;B;
3,179846513E1;-1,170078346E0;-2,401496111E-2;9,530000000E2;B;
3,183183183E1;-9,535096908E-1;-4,658323781E-2;9,540000000E2;B;
3,186519853E1;-9,610324497E-1;-1,187727896E-1;9,550000000E2;B;
3,193193193E1;-1,264836175E0;-2,330608575E-1;9,570000000E2;B;
3,196529863E1;-1,655874969E0;-4,842052701E-1;9,580000000E2;B;
3,199866533E1;-1,655874969E0;-4,842052701E-1;9,590000000E2;B;
3,203203203E1;-1,655874969E0;-4,842052701E-1;9,600000000E2;B;
3,206539873E1;-1,655874969E0;-4,842052701E-1;9,610000000E2;B;
3,209876543E1;-1,655874969E0;-4,842052701E-1;9,620000000E2;B;
3,213213213E1;-1,655874969E0;-4,842052701E-1;9,630000000E2;B;
3,216549883E1;-1,655874969E0;-4,842052701E-1;9,640000000E2;B;
3,219886553E1;-1,583685417E0;-4,917280290E-1;9,650000000E2;B;
3,223223223E1;-1,583685417E0;-4,917280290E-1;9,660000000E2;B;
3,226559893E1;-1,583685417E0;-4,917280290E-1;9,670000000E2;B;
3,229896563E1;-1,583685417E0;-4,917280290E-1;9,680000000E2;B;
3,233233233E1;-1,583685417E0;-4,917280290E-1;9,690000000E2;B;
3,236569903E1;-1,583685417E0;-4,917280290E-1;9,700000000E2;B;
3,239906573E1;-2,640922380E0;5,671002864E-1;9,710000000E2;OUT;
3,243243243E1;-2,865013794E0;5,174790114E-1;9,720000000E2;OUT;
3,246579913E1;-5,884967488E0;2,483957122E-1;9,730000000E2;OUT;
3,249916583E1;-6,543642897E0;1,630557992E0;9,740000000E2;OUT;
3,253253253E1;-6,543642897E0;1,630557992E0;9,750000000E2;OUT;
3,256589923E1;-6,543642897E0;1,630557992E0;9,760000000E2;OUT;
3,259926593E1;-7,363334280E0;7,673214080E-1;9,770000000E2;OUT;
3,263263263E1;-7,363334280E0;7,673214080E-1;9,780000000E2;OUT;
3,266599933E1;-7,400948075E0;4,063736491E-1;9,790000000E2;OUT;
3,269936603E1;-7,400948075E0;4,063736491E-1;9,800000000E2;OUT;
3,273273273E1;-7,385902557E0;5,507527527E-1;9,810000000E2;OUT;
3,276609943E1;-7,234000695E0;6,078967866E-1;9,820000000E2;OUT;
3,279946613E1;-7,234000695E0;6,078967866E-1;9,830000000E2;OUT;
3,283283283E1;-6,930196970E0;7,221848546E-1;9,840000000E2;OUT;
3,286619953E1;-6,858007418E0;7,146620957E-1;9,850000000E2;OUT;
3,289956623E1;-6,584294729E0;5,401919565E-1;9,860000000E2;OUT;
3,293293293E1;-6,512105177E0;5,326691976E-1;9,870000000E2;OUT;
3,296629963E1;-4,284789868E0;-5,021441567E-1;9,880000000E2;OUT;
3,299966633E1;-3,475659281E0;-4,405154011E-1;9,890000000E2;OUT;
3,303303303E1;-2,385293246E0;-4,811672328E-1;9,900000000E2;OUT;
3,306639973E1;-2,096535039E0;-5,112582684E-1;9,910000000E2;OUT;
3,309976643E1;-1,309972728E0;-6,661981681E-1;9,920000000E2;B;
3,313313313E1;-1,309972728E0;-6,661981681E-1;9,930000000E2;B;
3,316649983E1;-1,309972728E0;-6,661981681E-1;9,940000000E2;B;
3,319986653E1;-1,309972728E0;-6,661981681E-1;9,950000000E2;B;
3,323323323E1;-1,230260417E0;-6,015313752E-1;9,960000000E2;B;
3,326659993E1;-1,290442489E0;-1,179047789E0;9,970000000E2;B;
3,329996663E1;-1,290442489E0;-1,179047789E0;9,980000000E2;B;
3,333333333E1;-1,290442489E0;-1,179047789E0;9,990000000E2;B;
3,336670003E1;-1,290442489E0;-1,179047789E0;1,000000000E3;B;
3,340006673E1;-1,290442489E0;-1,179047789E0;1,001000000E3;B;
3,343343343E1;-1,290442489E0;-1,179047789E0;1,002000000E3;B;
3,346680013E1;-1,290442489E0;-1,179047789E0;1,003000000E3;B;
3,350016683E1;-1,290442489E0;-1,179047789E0;1,004000000E3;B;
3,353353353E1;-1,225775696E0;-1,258760100E0;1,005000000E3;B;
3,356690023E1;-1,225775696E0;-1,258760100E0;1,006000000E3;B;
3,360026693E1;-1,263389490E0;-1,619707859E0;1,007000000E3;B;
3,363363363E1;-1,263389490E0;-1,619707859E0;1,008000000E3;B;
3,366700033E1;-1,263389490E0;-1,619707859E0;1,009000000E3;B;
3,370036703E1;-1,263389490E0;-1,619707859E0;1,010000000E3;B;
3,373373373E1;-1,555185734E0;-2,319035100E0;1,011000000E3;B;
3,376710043E1;-1,335579042E0;-1,612185100E0;1,012000000E3;B;
3,380046713E1;-1,335579042E0;-1,612185100E0;1,013000000E3;B;
3,383383383E1;-1,335579042E0;-1,612185100E0;1,014000000E3;B;
3,386720053E1;-1,328056283E0;-1,539995548E0;1,015000000E3;B;
3,390056723E1;-1,066351074E0;-1,129426514E0;1,016000000E3;B;
3,393393393E1;-1,066351074E0;-1,129426514E0;1,017000000E3;B;
3,396730063E1;-1,066351074E0;-1,129426514E0;1,018000000E3;B;
3,400066733E1;-1,066351074E0;-1,129426514E0;1,019000000E3;B;
3,403403403E1;-1,066351074E0;-1,129426514E0;1,020000000E3;B;
3,406740073E1;-1,066351074E0;-1,129426514E0;1,021000000E3;B;
3,410076743E1;-1,073873833E0;-1,201616066E0;1,022000000E3;B;
3,413413413E1;-1,066351074E0;-1,129426514E0;1,023000000E3;B;
3,416750083E1;-8,918809352E-1;-8,557138251E-1;1,024000000E3;B;
3,420086753E1;-8,918809352E-1;-8,557138251E-1;1,025000000E3;B;
3,423423423E1;-8,918809352E-1;-8,557138251E-1;1,026000000E3;B;
3,426760093E1;-8,843581763E-1;-7,835242733E-1;1,027000000E3;B;
3,430096763E1;-1,013691762E0;-6,240996520E-1;1,028000000E3;B;
3,433433433E1;-1,028737280E0;-7,684787555E-1;1,029000000E3;B;
3,436770103E1;-1,173116383E0;-7,534332377E-1;1,030000000E3;B;
3,440106773E1;-1,180639142E0;-8,256227895E-1;1,031000000E3;B;
3,443443443E1;-2,818430556E0;-4,360306794E-1;1,032000000E3;OUT;
3,446780113E1;-4,376509659E0;1,822822349E-2;1,033000000E3;OUT;
3,450116783E1;-5,110412658E0;6,784949855E-1;1,034000000E3;OUT;
3,453453453E1;-5,095367140E0;8,228740891E-1;1,035000000E3;OUT;
3,456790123E1;-6,745166034E0;1,797505372E0;1,036000000E3;OUT;
3,460126793E1;-6,745166034E0;1,797505372E0;1,037000000E3;OUT;
3,463463463E1;-6,745166034E0;1,797505372E0;1,038000000E3;OUT;
3,466800133E1;-6,391741034E0;1,687702026E0;1,039000000E3;OUT;
3,470136803E1;-6,391741034E0;1,687702026E0;1,040000000E3;OUT;
3,473473473E1;-6,391741034E0;1,687702026E0;1,041000000E3;OUT;
3,476810143E1;-5,471360417E0;7,161087801E-1;1,042000000E3;OUT;
3,480146813E1;-5,850391730E0;-1,200748055E-1;1,043000000E3;OUT;
3,483483483E1;-5,946596243E0;1,057526299E0;1,044000000E3;OUT;
3,486820153E1;-5,946596243E0;1,057526299E0;1,045000000E3;OUT;
3,490156823E1;-5,946596243E0;1,057526299E0;1,046000000E3;OUT;
3,493493493E1;-5,411178345E0;1,293625194E0;1,047000000E3;OUT;
3,496830163E1;-5,338988794E0;1,286102435E0;1,048000000E3;OUT;
3,500166834E1;-5,384125347E0;8,529651247E-1;1,049000000E3;OUT;
3,503503504E1;-5,361557070E0;1,069533780E0;1,050000000E3;OUT;
3,506840174E1;-5,361557070E0;1,069533780E0;1,051000000E3;OUT;
3,510176844E1;-5,361557070E0;1,069533780E0;1,052000000E3;OUT;
3,513513514E1;-4,423092897E0;9,717379143E-1;1,053000000E3;OUT;
3,516850184E1;-2,884544033E0;1,030328633E0;1,054000000E3;OUT;
3,520186854E1;-2,693581692E0;6,177342406E-2;1,055000000E3;OUT;
3,523523524E1;-2,693581692E0;6,177342406E-2;1,056000000E3;OUT;
3,526860194E1;-2,693581692E0;6,177342406E-2;1,057000000E3;OUT;
3,530196864E1;-2,621392140E0;5,425066516E-2;1,058000000E3;OUT;
3,533533534E1;-2,104057797E0;-5,834478202E-1;1,059000000E3;OUT;
3,536870204E1;-2,104057797E0;-5,834478202E-1;1,060000000E3;OUT;
3,540206874E1;-1,800254073E0;-4,691597523E-1;1,061000000E3;OUT;
3,543543544E1;-1,177601105E0;-9,620451288E-2;1,062000000E3;B;
3,546880214E1;-1,177601105E0;-9,620451288E-2;1,063000000E3;B;
3,550216884E1;-1,177601105E0;-9,620451288E-2;1,064000000E3;B;
3,553553554E1;-1,177601105E0;-9,620451288E-2;1,065000000E3;B;
3,556890224E1;-1,177601105E0;-9,620451288E-2;1,066000000E3;B;
3,560226894E1;-1,177601105E0;-9,620451288E-2;1,067000000E3;B;
3,563563564E1;-1,185123864E0;-1,683940646E-1;1,068000000E3;B;
3,566900234E1;-1,177601105E0;-9,620451288E-2;1,069000000E3;B;
3,570236904E1;-8,467443818E-1;-4,225765145E-1;1,070000000E3;B;
3,576910244E1;-8,467443818E-1;-4,225765145E-1;1,072000000E3;OUT;
3,580246914E1;-1,352071244E0;-3,699172021E-1;1,073000000E3;OUT;
3,583583584E1;-1,352071244E0;-3,699172021E-1;1,074000000E3;OUT;
3,586920254E1;-1,352071244E0;-3,699172021E-1;1,075000000E3;OUT;
3,590256924E1;-1,997292488E0;-9,594410968E-1;1,076000000E3;OUT;
3,593593594E1;-7,174107960E-1;-5,820011358E-1;1,077000000E3;OUT;
3,596930264E1;-1,928140974E0;-1,696382132E0;1,078000000E3;OUT;
3,600266934E1;-1,643867488E0;-1,069244443E0;1,079000000E3;OUT;
3,603603604E1;-1,180639142E0;-8,256227895E-1;1,080000000E3;OUT;
3,606940274E1;-5,504634158E-1;-3,804779983E-1;1,081000000E3;OUT;
3,610276944E1;-5,579861747E-1;-4,526675501E-1;1,082000000E3;OUT;
3,613613614E1;-5,579861747E-1;-4,526675501E-1;1,083000000E3;OUT;
3,616950284E1;-7,475018316E-1;-8,707593429E-1;1,084000000E3;OUT;
3,620286954E1;-7,475018316E-1;-8,707593429E-1;1,085000000E3;OUT;
3,623623624E1;-7,475018316E-1;-8,707593429E-1;1,086000000E3;OUT;
3,626960294E1;-7,475018316E-1;-8,707593429E-1;1,087000000E3;OUT;
3,630296964E1;-6,753122799E-1;-8,782821018E-1;1,088000000E3;OUT;
3,633633634E1;-1,138540626E0;-1,121903755E0;1,089000000E3;OUT;
3,636970304E1;-1,210730178E0;-1,114380997E0;1,090000000E3;OUT;
3,640306974E1;-9,069264530E-1;-1,000092929E0;1,091000000E3;OUT;
3,643643644E1;-8,422596601E-1;-1,079805239E0;1,092000000E3;OUT;
3,646980314E1;-8,347369012E-1;-1,007615687E0;1,093000000E3;OUT;
3,650316984E1;-8,347369012E-1;-1,007615687E0;1,094000000E3;OUT;
3,653653654E1;-8,422596601E-1;-1,079805239E0;1,095000000E3;OUT;
3,656990324E1;-1,009207040E0;-1,281328377E0;1,096000000E3;OUT;
3,660326994E1;-3,031961174E0;3,159558739E-1;1,097000000E3;OUT;
3,663663664E1;-3,567379072E0;7,985697911E-2;1,098000000E3;OUT;
3,667000334E1;-6,018785795E0;1,065049058E0;1,099000000E3;OUT;
3,670337004E1;-6,090975347E0;1,072571817E0;1,100000000E3;OUT;
3,673673674E1;-6,683537279E0;9,883747849E-1;1,101000000E3;OUT;
3,677010344E1;-7,307636931E0;2,002066547E0;1,102000000E3;OUT;
3,680347014E1;-7,330205207E0;1,785497892E0;1,103000000E3;OUT;
3,683683684E1;-7,330205207E0;1,785497892E0;1,104000000E3;OUT;
3,687020354E1;-7,330205207E0;1,785497892E0;1,105000000E3;OUT;
3,690357024E1;-7,330205207E0;1,785497892E0;1,106000000E3;OUT;
3,693693694E1;-7,330205207E0;1,785497892E0;1,107000000E3;OUT;
3,697030364E1;-7,136204829E0;1,546360960E0;1,108000000E3;OUT;
3,700367034E1;-6,870014898E0;1,299701269E0;1,109000000E3;OUT;
3,703703704E1;-6,026308554E0;9,928595066E-1;1,110000000E3;OUT;
3,707040374E1;-5,954119002E0;9,853367477E-1;1,111000000E3;OUT;
3,710377044E1;-5,167556692E0;8,303968480E-1;1,112000000E3;OUT;
3,713713714E1;-3,940334312E0;7,025099467E-1;1,113000000E3;OUT;
3,717050384E1;-3,305673863E0;4,904260130E-1;1,114000000E3;OUT;
3,720387054E1;-3,305673863E0;4,904260130E-1;1,115000000E3;OUT;
3,723723724E1;-3,377863415E0;4,979487719E-1;1,116000000E3;OUT;
3,727060394E1;-3,632045865E0;1,595692898E-1;1,117000000E3;OUT;
3,730397064E1;-2,188254830E0;9,114111746E-3;1,118000000E3;OUT;
3,733733734E1;-2,108542519E0;7,378090461E-2;1,119000000E3;OUT;
3,737070404E1;-2,108542519E0;7,378090461E-2;1,120000000E3;OUT;
3,740407074E1;-9,610324497E-1;-1,187727896E-1;1,121000000E3;B;
3,743743744E1;-9,610324497E-1;-1,187727896E-1;1,122000000E3;B;
3,747080414E1;-9,610324497E-1;-1,187727896E-1;1,123000000E3;B;
3,750417084E1;-1,416738037E0;-2,902048915E-1;1,124000000E3;B;
3,753753754E1;-1,021214521E0;-6,962892037E-1;1,125000000E3;B;
3,757090424E1;-1,021214521E0;-6,962892037E-1;1,126000000E3;B;
3,760427094E1;-1,021214521E0;-6,962892037E-1;1,127000000E3;B;
3,763763764E1;-8,693126585E-1;-6,391451698E-1;1,128000000E3;B;
3,767100434E1;-8,693126585E-1;-6,391451698E-1;1,129000000E3;B;
3,770437104E1;-8,693126585E-1;-6,391451698E-1;1,130000000E3;B;
3,773773774E1;-8,693126585E-1;-6,391451698E-1;1,131000000E3;B;
3,777110444E1;-8,467443818E-1;-4,225765145E-1;1,132000000E3;B;
3,780447114E1;-8,467443818E-1;-4,225765145E-1;1,133000000E3;B;
3,783783784E1;-8,467443818E-1;-4,225765145E-1;1,134000000E3;B;
3,787120454E1;-3,068417621E-1;-8,437063445E-1;1,135000000E3;B;
3,790457124E1;-6,061607653E-1;-1,615223137E0;1,136000000E3;B;
3,793793794E1;-1,085881314E0;-6,165768931E-1;1,137000000E3;B;
3,797130464E1;-1,085881314E0;-6,165768931E-1;1,138000000E3;B;
3,800467134E1;-1,085881314E0;-6,165768931E-1;1,139000000E3;B;
3,803803804E1;-8,693126585E-1;-6,391451698E-1;1,140000000E3;B;
3,807140474E1;-8,693126585E-1;-6,391451698E-1;1,141000000E3;B;
3,810477144E1;-8,843581763E-1;-7,835242733E-1;1,142000000E3;B;
3,813813814E1;-8,843581763E-1;-7,835242733E-1;1,143000000E3;B;
3,817150484E1;-1,021214521E0;-6,962892037E-1;1,144000000E3;B;
3,823823824E1;-8,046458656E-1;-7,188574804E-1;1,146000000E3;B;
3,827160494E1;-1,013691762E0;-6,240996520E-1;1,147000000E3;B;
3,830497164E1;-1,013691762E0;-6,240996520E-1;1,148000000E3;B;
3,833833834E1;-1,013691762E0;-6,240996520E-1;1,149000000E3;B;
3,837170504E1;-6,602667621E-1;-7,339029982E-1;1,150000000E3;B;
3,840507174E1;-9,791160047E-1;-9,925701697E-1;1,151000000E3;B;
3,843843844E1;-9,866387636E-1;-1,064759721E0;1,152000000E3;B;
3,847180514E1;-8,542671407E-1;-4,947660662E-1;1,153000000E3;B;
3,850517184E1;-8,542671407E-1;-4,947660662E-1;1,154000000E3;B;
3,853853854E1;-8,542671407E-1;-4,947660662E-1;1,155000000E3;B;
3,857190524E1;-8,542671407E-1;-4,947660662E-1;1,156000000E3;B;
3,860527194E1;-8,542671407E-1;-4,947660662E-1;1,157000000E3;B;
3,863863864E1;-1,078358555E0;-5,443873413E-1;1,158000000E3;B;
3,867200534E1;-1,078358555E0;-5,443873413E-1;1,159000000E3;B;
3,870537204E1;-1,078358555E0;-5,443873413E-1;1,160000000E3;B;
3,873873874E1;-1,158070866E0;-6,090541341E-1;1,161000000E3;B;
3,877210544E1;-1,173116383E0;-7,534332377E-1;1,162000000E3;B;
3,880547214E1;-1,173116383E0;-7,534332377E-1;1,163000000E3;B;
3,883883884E1;-9,565477280E-1;-7,760015144E-1;1,164000000E3;B;
3,887220554E1;-3,122234281E0;-5,503187473E-1;1,165000000E3;OUT;
3,890557224E1;-3,092143245E0;-2,615605403E-1;1,166000000E3;OUT;
3,893893894E1;-3,084620487E0;-1,893709885E-1;1,167000000E3;OUT;
3,897230564E1;-4,217085038E0;1,475618092E-1;1,168000000E3;OUT;
3,900567234E1;-4,684798106E0;5,611688804E-1;1,169000000E3;OUT;
3,903903904E1;-5,984210038E0;6,965785406E-1;1,170000000E3;OUT;
3,907240574E1;-5,623262279E0;6,589647461E-1;1,171000000E3;OUT;
3,910577244E1;-5,593171243E0;9,477229532E-1;1,172000000E3;OUT;
3,913913914E1;-5,593171243E0;9,477229532E-1;1,173000000E3;OUT;
3,917250584E1;-5,281844760E0;1,134200573E0;1,174000000E3;OUT;
3,920587254E1;-5,187086931E0;1,343246469E0;1,175000000E3;OUT;
3,923923924E1;-5,364595107E0;3,401155034E-1;1,176000000E3;OUT;
3,927260594E1;-5,364595107E0;3,401155034E-1;1,177000000E3;OUT;
3,930597264E1;-5,364595107E0;3,401155034E-1;1,178000000E3;OUT;
3,933933934E1;-5,140503693E0;3,897367785E-1;1,179000000E3;OUT;
3,937270604E1;-5,132980934E0;4,619263302E-1;1,180000000E3;OUT;
3,940607274E1;-5,132980934E0;4,619263302E-1;1,181000000E3;OUT;
3,943943944E1;-4,680313384E0;-9,605984444E-2;1,182000000E3;OUT;
3,947280614E1;-3,495189520E0;7,233422021E-2;1,183000000E3;OUT;
3,950617284E1;-2,872536553E0;4,452894596E-1;1,184000000E3;OUT;
3,953953954E1;-1,655874969E0;-4,842052701E-1;1,185000000E3;OUT;
3,957290624E1;-3,489402783E-1;-5,474253785E-1;1,186000000E3;B;
3,960627294E1;-7,174107960E-1;-5,820011358E-1;1,187000000E3;B;
3,963963964E1;-7,174107960E-1;-5,820011358E-1;1,188000000E3;B;
3,967300634E1;-8,693126585E-1;-6,391451698E-1;1,189000000E3;B;
3,970637304E1;-8,693126585E-1;-6,391451698E-1;1,190000000E3;B;
3,973973974E1;-5,805544514E-1;-6,692362054E-1;1,191000000E3;B;
3,977310644E1;-9,715932458E-1;-9,203806179E-1;1,192000000E3;B;
3,980647314E1;-9,069264530E-1;-1,000092929E0;1,193000000E3;B;
3,983983984E1;-8,347369012E-1;-1,007615687E0;1,194000000E3;B;
3,987320654E1;-8,347369012E-1;-1,007615687E0;1,195000000E3;B;
3,990657324E1;-6,903577977E-1;-1,022661205E0;1,196000000E3;B;
3,993993994E1;-9,069264530E-1;-1,000092929E0;1,197000000E3;B;
3,997330664E1;-9,791160047E-1;-9,925701697E-1;1,198000000E3;B;
4,000667334E1;-9,866387636E-1;-1,064759721E0;1,199000000E3;B;
4,004004004E1;-8,347369012E-1;-1,007615687E0;1,200000000E3;B;
4,007340674E1;-8,422596601E-1;-1,079805239E0;1,201000000E3;B;
4,010677344E1;-8,422596601E-1;-1,079805239E0;1,202000000E3;B;
4,014014014E1;-8,422596601E-1;-1,079805239E0;1,203000000E3;B;
4,017350684E1;-8,422596601E-1;-1,079805239E0;1,204000000E3;B;
4,020687354E1;-9,144492119E-1;-1,072282480E0;1,205000000E3;B;
4,024024024E1;-9,144492119E-1;-1,072282480E0;1,206000000E3;B;
4,027360694E1;-9,144492119E-1;-1,072282480E0;1,207000000E3;B;
4,030697364E1;-9,294947297E-1;-1,216661584E0;1,208000000E3;B;
4,034034034E1;-5,459786941E-1;-1,037706723E0;1,209000000E3;B;
4,037370704E1;-5,459786941E-1;-1,037706723E0;1,210000000E3;B;
4,040707374E1;-5,459786941E-1;-1,037706723E0;1,211000000E3;B;
4,044044044E1;-5,459786941E-1;-1,037706723E0;1,212000000E3;B;
4,047380714E1;-5,459786941E-1;-1,037706723E0;1,213000000E3;B;
4,050717384E1;-5,459786941E-1;-1,037706723E0;1,214000000E3;B;
4,054054054E1;-2,452998076E0;-1,130873199E0;1,215000000E3;OUT;
4,057390724E1;-2,716149969E0;-1,547952312E-1;1,216000000E3;OUT;
4,060727394E1;-3,693674621E0;9,686998770E-1;1,217000000E3;OUT;
4,064064064E1;-6,063922348E0;6,319117477E-1;1,218000000E3;OUT;
4,067400734E1;-6,175172379E0;1,665133749E0;1,219000000E3;OUT;
4,070737404E1;-6,160126861E0;1,809512853E0;1,220000000E3;OUT;
4,074074074E1;-6,254884690E0;1,600466956E0;1,221000000E3;OUT;
4,077410744E1;-6,715074999E0;2,086263579E0;1,222000000E3;OUT;
4,080747414E1;-6,874499620E0;1,956929994E0;1,223000000E3;OUT;
4,087420754E1;-6,468415308E0;2,352453510E0;1,225000000E3;OUT;
4,090757424E1;-6,050323515E0;2,162937853E0;1,226000000E3;OUT;
4,094094094E1;-5,978133963E0;2,155415094E0;1,227000000E3;OUT;
4,097430764E1;-5,978133963E0;2,155415094E0;1,228000000E3;OUT;
4,100767434E1;-6,657930965E0;1,934361717E0;1,229000000E3;OUT;
4,104104104E1;-6,448885068E0;1,839603888E0;1,230000000E3;OUT;
4,107440774E1;-6,513551861E0;1,919316199E0;1,231000000E3;OUT;
4,110777444E1;-6,187179860E0;2,250172922E0;1,232000000E3;OUT;
4,114114114E1;-6,172134342E0;2,394552026E0;1,233000000E3;OUT;
4,117450784E1;-6,172134342E0;2,394552026E0;1,234000000E3;OUT;
4,120787454E1;-6,149566065E0;2,611120681E0;1,235000000E3;OUT;
4,124124124E1;-6,214232858E0;2,690832992E0;1,236000000E3;OUT;
4,127460794E1;-6,501544381E0;1,334277026E0;1,237000000E3;OUT;
4,130797464E1;-5,323943276E0;1,430481539E0;1,238000000E3;OUT;
4,134134134E1;-4,203486205E0;1,678587914E0;1,239000000E3;OUT;
4,137470804E1;-1,991216414E0;4,993954563E-1;1,240000000E3;OUT;
4,140807474E1;-1,991216414E0;4,993954563E-1;1,241000000E3;OUT;
4,144144144E1;-1,991216414E0;4,993954563E-1;1,242000000E3;OUT;
4,147480814E1;-1,752079482E0;6,933958349E-1;1,243000000E3;OUT;
4,150817484E1;-1,752079482E0;6,933958349E-1;1,244000000E3;OUT;
4,154154154E1;-1,896458585E0;7,084413527E-1;1,245000000E3;OUT;
4,157490824E1;-1,752079482E0;6,933958349E-1;1,246000000E3;OUT;
4,160827494E1;-1,752079482E0;6,933958349E-1;1,247000000E3;OUT;
4,164164164E1;-1,824269034E0;7,009185938E-1;1,248000000E3;OUT;
4,167500834E1;-1,896458585E0;7,084413527E-1;1,249000000E3;OUT;
